feature,importance
risk_score_raw,0.598455798082706
bmi,0.12801994323236643
age,0.12668582404775847
claim_history_ratio,0.051850001400475534
years_insured,0.02714020860606045
coverage_tier,0.016503962386482544
prior_claims,0.01507238828295184
children,0.014423190044679806
region,0.013479107498636352
chronic_condition,0.004487183190833318
smoker,0.003092578595850642
high_value_customer,0.0007898146311986446
